sample_id,decision_id,expected,severity,rationale
BDD14,d1,"label=drivable_area area_type=direct exists and stops at rear of silver car ahead",critical,"Direct may not pass through the immediate lead vehicle"
BDD14,d2,"label=drivable_area area_type=alternative exists on at least one accessible lane to the left",major,"Adjacent same-direction highway lanes are alternative"
BDD14,d3,"geometry: no polygon beyond the solid white right boundary on the grass-side shoulder",critical,"Shoulder is background"
BDD11,d1,"label=drivable_area area_type=direct exists right of the double-yellow centerline",critical,"Opposing lane must not be included"
BDD11,d2,"geometry: direct crosses the visible crosswalk but excludes parked vehicles and sidewalks",major,"Crosswalk remains road while vehicles and sidewalk are excluded"
BDD11,d3,"area_type=alternative count=0",major,"No separate accessible same-direction lane is evidenced"
BDD18,d1,"label=drivable_area area_type=direct exists only over the near visible ego path",major,"The near road remains labelable at night"
BDD18,d2,"tag=image_escalate exists with nonempty reason about low visibility or far boundary",major,"Far lane geometry is not reliably visible"
BDD18,d3,"geometry: polygon excludes ego hood and parked vehicle footprints",critical,"Occluded objects are not free space"
BDD24,d1,"label=drivable_area area_type=direct exists and stops before the white lead car",critical,"Direct cannot pass through the lead vehicle"
BDD24,d2,"geometry: no polygon covers the snowbank or curb-side piled snow",critical,"Snowbank is a physical obstacle near ego"
BDD24,d3,"area_type=alternative count=0",major,"No separate accessible lane is sufficiently evidenced"
BDD25,d1,"label=drivable_area area_type=direct exists and stops before the box truck in the ego path",critical,"Traffic occlusion limits direct geometry"
BDD25,d2,"label=drivable_area area_type=alternative exists on a visible adjacent same-direction lane",major,"The multilane avenue provides an accessible alternate lane"
BDD25,d3,"geometry: polygons exclude truck and taxi footprints and do not extend through traffic to the horizon",critical,"Vehicles and hidden surface are excluded"
